name,link,fame
NVIDIA,https://careers.nvidia.com/,6
AMD Careers,https://careers.amd.com/,4
Coinbase,https://www.coinbase.com/careers,4
Plaid,https://plaid.com/careers/,4
Robinhood,https://careers.robinhood.com/,4
Stripe,https://stripe.com/jobs,4
Airbnb Careers,https://careers.airbnb.com/,3
Anthropic,https://www.anthropic.com/careers,3
Cerebras,https://www.cerebras.net/careers/,3
Cisco Jobs,https://jobs.cisco.com/,3
Cohere,https://cohere.com/careers,3
Databricks,https://www.databricks.com/company/careers,3
DataRobot,https://www.datarobot.com/careers/,3
DoorDash Careers,https://careers.doordash.com/,3
DRW,https://drw.com/careers/,3
Gemini,https://www.gemini.com/careers,3
Google Careers,https://careers.google.com/,3
H2O.ai,https://www.h2o.ai/company/careers/,3
Honda Careers,https://careers.honda.com/,3
Hugging Face,https://huggingface.co/careers,3
Intel Careers,https://intel.wd1.myworkdayjobs.com/External/,3
Johnson & Johnson Careers,https://careers.jnj.com/,3
Jump Trading,https://jumptrading.com/careers/,3
Kraken,https://jobs.kraken.com/,3
OpenAI,https://openai.com/careers/,3
Palantir,https://www.palantir.com/careers/,3
Pinterest Careers,https://careers.pinterest.com/,3
SambaNova,https://sambanova.ai/careers/,3
Scale AI,https://scale.com/careers,3
Snapchat Careers,https://careers.snap.com/,3
Snowflake Careers,https://careers.snowflake.com/,3
SoFi,https://www.sofi.com/careers/,3
Square/Block,https://careers.squareup.com/,3
Stability AI,https://stability.ai/careers,3
Uber Careers,https://www.uber.com/careers/,3
ABB Careers,https://careers.abb.com/,2
Acorns,https://www.acorns.com/careers/,2
Activision Careers,https://careers.activision.com/,2
Adobe Careers,https://careers.adobe.com/,2
Affirm,https://www.affirm.com/careers/,2
Amazon Jobs,https://www.amazon.jobs/,2
American Express Careers,https://careers.americanexpress.com/,2
Apple AI/ML,https://jobs.apple.com/en-us/search?team=machine-learning-and-ai-SFTWR-MCHLN,2
Apple Careers (1),https://jobs.apple.com/en-us/search,2
AQR Capital,https://careers.aqr.com/,2
Argo AI,https://www.argo.ai/careers/,2
Aurora,https://aurora.tech/careers/,2
Bank of America Careers,https://careers.bankofamerica.com/,2
Betterment,https://www.betterment.com/careers/,2
Binance.US,https://careers.binance.us/,2
BlackRock Careers,https://careers.blackrock.com/,2
Blizzard Entertainment Careers,https://careers.blizzard.com/,2
Boston Consulting Group Careers,https://careers.bcg.com/,2
Boston Dynamics,https://bostondynamics.com/careers/,2
Bridgewater Associates,https://careers.bridgewater.com/,2
Broadcom,https://www.broadcom.com/company/careers,2
Broadcom Careers,https://careers.broadcom.com/,2
C3.ai,https://c3.ai/careers/,2
Capital One Careers,https://careers.capitalone.com/,2
Caviar Careers,https://careers.caviar.com/,2
Chainalysis,https://www.chainalysis.com/careers/,2
Character.AI,https://character.ai/careers,2
Charles Schwab Careers,https://careers.schwab.com/,2
Chime,https://www.chime.com/careers/,2
Circle,https://www.circle.com/careers,2
Citadel Securities,https://www.citadelsecurities.com/careers/,2
Citigroup Careers,https://careers.citi.com/,2
Clearpath Robotics,https://clearpathrobotics.com/careers/,2
Cognizant Careers,https://careers.cognizant.com/,2
Credit Karma,https://www.creditkarma.com/careers,2
Cruise,https://careers.getcruise.com/,2
DeepMind,https://www.deepmind.com/careers,2
Deliveroo Careers,https://careers.deliveroo.com/,2
Deloitte Careers,https://careers.deloitte.com/,2
DJI,https://we.dji.com/career,2
Dropbox,https://jobs.dropbox.com/,2
Etsy Careers,https://careers.etsy.com/,2
EY Careers,https://careers.ey.com/,2
Fetch Robotics,https://fetchrobotics.com/careers/,2
Figure AI,https://www.figure.ai/careers,2
Flow Traders,https://www.flowtraders.com/careers,2
Ghost Robotics,https://www.ghostrobotics.io/careers/,2
Google AI,https://ai.google/careers/,2
Graphcore,https://www.graphcore.ai/careers/,2
Groq,https://groq.com/careers/,2
Grubhub Careers,https://careers.grubhub.com/,2
HelloFresh Careers,https://careers.hellofresh.com/,2
Home Depot Careers,https://careers.homedepot.com/,2
Honeywell Careers,https://careers.honeywell.com/,2
Hudson River Trading,https://www.hudsonrivertrading.com/careers/,2
IMC Trading,https://careers.imc.com/,2
Instacart Careers,https://careers.instacart.com/,2
Intuit Careers,https://careers.intuit.com/,2
Intuitive Surgical,https://careers.intuitive.com/,2
iRobot,https://www.irobot.com/careers/,2
Jane Street,https://www.janestreet.com/join-jane-street/,2
JPMorgan Chase Careers,https://careers.jpmorgan.com/,2
Just Eat Careers,https://careers.just-eat.com/,2
Kayak Careers,https://careers.kayak.com/,2
Leidos Careers,https://careers.leidos.com/,2
LinkedIn Careers,https://careers.linkedin.com/,2
Locus Robotics,https://locusrobotics.com/careers/,2
Lowe's Careers,https://careers.lowes.com/,2
Lyft,https://www.lyft.com/careers,2
Mastercard Careers,https://careers.mastercard.us/,2
Matternet,https://mttr.net/careers/,2
Mazda Careers,https://careers.mazda.com/,2
Mercedes-Benz Careers,https://careers.mercedes-benz.com/,2
Meta AI,https://ai.meta.com/join-us/,2
Meta Careers,https://www.metacareers.com/,2
Microsoft AI,https://microsoft.ai/jobs/,2
Microsoft Careers,https://careers.microsoft.com/,2
Midjourney,https://www.midjourney.com/careers,2
Millennium Management,https://www.mlp.com/careers/,2
Morgan Stanley Careers,https://careers.morganstanley.com/,2
Netflix Jobs,https://jobs.netflix.com/,2
Northrop Grumman Careers,https://careers.northropgrumman.com/,2
Notion Careers,https://www.notion.so/careers,2
Nuro,https://www.nuro.ai/careers,2
Opendoor Careers,https://careers.opendoor.com/,2
Optiver,https://optiver.com/careers/,2
Oracle Careers,https://careers.oracle.com/,2
Palo Alto Networks Careers (1),https://jobs.paloaltonetworks.com/,2
PayPal,https://careers.pypl.com/home/,2
PayPal Careers,https://careers.paypal.com/,2
Point72,https://careers.point72.com/,2
Priceline Careers,https://careers.priceline.com/,2
Qualcomm,https://www.qualcomm.com/company/careers,2
Qualcomm Careers,https://careers.qualcomm.com/,2
Realtor.com Careers,https://careers.realtor.com/,2
Redfin Careers,https://careers.redfin.com/,2
Renaissance Technologies,https://www.rentec.com/Careers.action,2
SAIC Careers,https://careers.saic.com/,2
Salesforce Careers,https://careers.salesforce.com/,2
Seamless Careers,https://careers.seamless.com/,2
ServiceNow Careers,https://careers.servicenow.com/,2
Shipt Careers,https://careers.shipt.com/,2
SIG (Susquehanna),https://careers.sig.com/,2
Skydio,https://www.skydio.com/careers,2
Sprint Careers,https://careers.sprint.com/,2
Subaru Careers,https://careers.subaru.com/,2
Tableau Careers,https://careers.tableau.com/,2
Tesla,https://www.tesla.com/careers/,2
Tesla Careers (1),https://www.tesla.com/careers,2
TikTok Careers,https://careers.tiktok.com/,2
Tower Research,https://www.tower-research.com/careers/,2
TripAdvisor Careers,https://careers.tripadvisor.com/,2
Twitch Careers (1),https://careers.twitch.tv/,2
Two Sigma,https://careers.twosigma.com/,2
Unity Careers,https://careers.unity.com/,2
Varo,https://www.varomoney.com/careers/,2
Virtu Financial,https://www.virtu.com/careers/,2
Visa Careers,https://careers.visa.com/,2
VMware Careers,https://careers.vmware.com/,2
Volkswagen Careers,https://careers.volkswagen.com/,2
Walmart Careers,https://careers.walmart.com/,2
Wayfair Careers,https://careers.wayfair.com/,2
Waymo,https://waymo.com/careers/,2
Wealthfront,https://www.wealthfront.com/careers,2
Webflow Careers,https://webflow.com/careers,2
Webull,https://www.webull.com/careers,2
Weights & Biases,https://wandb.ai/careers,2
Wells Fargo Careers,https://careers.wellsfargo.com/,2
Workday Careers,https://careers.workday.com/,2
X (Twitter) Careers,https://careers.x.com/,2
Zipline,https://www.flyzipline.com/careers/,2
Zoom Careers,https://careers.zoom.us/,2
Zoox,https://zoox.com/careers/,2
10x Genomics Careers,https://careers.10xgenomics.com/,1
23andMe Careers (1),https://careers.23andme.com/,1
23andMe Careers (2),https://www.23andme.com/careers/,1
3M Careers,https://careers.3m.com/,1
6 River Systems,https://6river.com/careers/,1
AbbVie Careers,https://careers.abbvie.com/,1
Accenture Careers (1),https://careers.accenture.com/,1
Accenture Careers (2),https://www.accenture.com/us-en/careers,1
Adidas Careers,https://careers.adidas-group.com/,1
ADNOC Careers,https://careers.adnoc.com/,1
Adyen,https://careers.adyen.com/,1
Affirm Careers,https://careers.affirm.com/,1
Agility Robotics,https://www.agilityrobotics.com/careers/,1
Airtable Careers,https://careers.airtable.com/,1
Akamai Careers (1),https://careers.akamai.com/,1
Akamai Careers (2),https://www.akamai.com/careers,1
Akuna Capital,https://akunacapital.com/careers/,1
Alaska Airlines Careers,https://careers.alaskaair.com/,1
Allscripts Careers,https://careers.allscripts.com/,1
Ally Financial,https://careers.ally.com/,1
Alteryx,https://www.alteryx.com/careers/,1
Amazon Prime Air,https://www.amazon.jobs/content/en/teams/prime-air,1
Amazon Science,https://www.amazon.science/careers,1
AMC Networks Careers,https://careers.amcnetworks.com/,1
Amgen Careers (1),https://careers.amgen.com/,1
Amgen Careers (2),https://www.amgen.com/careers/,1
Angie's List Careers,https://careers.angie.com/,1
Anthem Careers,https://careers.anthem.com/,1
ANYbotics,https://www.anybotics.com/careers/,1
Apartments.com Careers,https://careers.apartments.com/,1
Apple Careers (2),https://www.apple.com/careers/,1
Arista Networks Careers,https://careers.arista.com/,1
Asana Careers (1),https://asana.com/jobs,1
Asana Careers (2),https://careers.asana.com/,1
AT&T Careers (1),https://about.att.com/careers,1
AT&T Careers (2),https://careers.att.com/,1
Atlassian Careers (1),https://careers.atlassian.com/,1
Atlassian Careers (2),https://www.atlassian.com/careers,1
Atos Careers,https://careers.atos.net/,1
Audi Careers,https://careers.audi.com/,1
Auth0 Careers (1),https://auth0.com/careers/,1
Auth0 Careers (2),https://careers.auth0.com/,1
Automation Anywhere,https://www.automationanywhere.com/careers,1
BAE Systems Careers,https://careers.baesystems.com/,1
Bain & Company Careers (1),https://careers.bain.com/,1
Bain & Company Careers (2),https://www.bain.com/careers/,1
Ball Aerospace Careers,https://careers.ball.com/,1
Balyasny Asset Management,https://www.bamfunds.com/careers/,1
Basecamp Careers,https://basecamp.com/careers,1
BelugaCDN Careers,https://careers.belugacdn.com/,1
Best Buy Careers (1),https://careers.bestbuy.com/,1
Best Buy Careers (2),https://jobs.bestbuy.com/,1
BigCommerce Careers,https://careers.bigcommerce.com/,1
Biogen Careers (1),https://careers.biogen.com/,1
Biogen Careers (2),https://www.biogen.com/careers.html,1
Blockchain.com,https://www.blockchain.com/careers/,1
Bloomberg Careers,https://careers.bloomberg.com/,1
Blue Apron Careers (1),https://careers.blueapron.com/,1
Blue Apron Careers (2),https://www.blueapron.com/careers,1
Blue Origin Careers (1),https://careers.blueorigin.com/,1
Blue Origin Careers (2),https://www.blueorigin.com/careers,1
Blue Prism,https://www.blueprism.com/careers/,1
Bluehost Careers,https://www.bluehost.com/careers,1
BMW Careers,https://www.bmwgroup.jobs/,1
BMW Group Careers,https://careers.bmwgroup.com/,1
Boeing Careers (1),https://careers.boeing.com/,1
Boeing Careers (2),https://jobs.boeing.com/,1
Booking Holdings Careers,https://careers.bookingholdings.com/,1
Booking.com Careers,https://careers.booking.com/,1
Box Careers (1),https://careers.box.com/,1
Box Careers (2),https://www.box.com/careers,1
BP Careers,https://careers.bp.com/,1
BrainChip,https://brainchip.com/careers/,1
Bubble Careers,https://bubble.io/careers,1
Buffer Careers,https://buffer.com/journey,1
Bumble Careers (1),https://bumble.com/careers/,1
Bumble Careers (2),https://careers.bumble.com/,1
BunnyCDN Careers,https://careers.bunnycdn.com/,1
Calendly Careers,https://calendly.com/careers/,1
Canva Careers (1),https://careers.canva.com/,1
Canva Careers (2),https://www.canva.com/careers/,1
Capgemini Careers,https://careers.capgemini.com/,1
Cardinal Health Careers,https://jobs.cardinalhealth.com/,1
Care.com Careers,https://careers.care.com/,1
CareerBuilder Careers,https://careers.careerbuilder.com/,1
Cargill Careers,https://careers.cargill.com/,1
Caterpillar Careers,https://careers.caterpillar.com/,1
CDNetworks Careers,https://careers.cdnetworks.com/,1
CenturyLink Careers (1),https://careers.centurylink.com/,1
CenturyLink Careers (2),https://jobs.lumen.com/,1
Cerner Careers,https://careers.cerner.com/,1
Charter Careers,https://jobs.spectrum.com/,1
Charter Communications Careers,https://careers.charter.com/,1
Check Point Careers (1),https://careers.checkpoint.com/,1
Check Point Careers (2),https://www.checkpoint.com/careers/,1
Chevron Careers,https://careers.chevron.com/,1
Chewy Careers,https://careers.chewy.com/,1
Chicago Trading Company,https://www.chicagotrading.com/careers/,1
Chrysler Careers,https://careers.chrysler.com/,1
Citadel Quant,https://www.citadel.com/careers,1
Cloudflare Careers (1),https://careers.cloudflare.com/,1
Cloudflare Careers (2),https://www.cloudflare.com/careers/,1
CME Group Careers,https://careers.cme.com/,1
Collins Aerospace Careers (1),https://careers.collins.com/,1
Collins Aerospace Careers (2),https://careers.collinsaerospace.com/,1
Comcast Careers (1),https://careers.comcast.com/,1
Comcast Careers (2),https://jobs.comcast.com/,1
Compass Careers (1),https://careers.compass.com/,1
Compass Careers (2),https://www.compass.com/careers/,1
Confluent Careers,https://www.confluent.io/careers/,1
ConocoPhillips Careers,https://careers.conocophillips.com/,1
ConsenSys,https://consensys.io/careers,1
ConvertKit Careers,https://convertkit.com/careers,1
Costco Careers (1),https://careers.costco.com/,1
Costco Careers (2),https://jobs.costco.com/,1
Cox Communications Careers (1),https://careers.cox.com/,1
Cox Communications Careers (2),https://jobs.cox.com/,1
Craigslist Careers,https://careers.craigslist.org/,1
Credit Karma Careers,https://careers.creditkarma.com/,1
CrowdStrike Careers (1),https://careers.crowdstrike.com/,1
CrowdStrike Careers (2),https://www.crowdstrike.com/careers/,1
CSC Careers,https://careers.csc.com/,1
Cumberland DRW,https://cumberland.io/careers/,1
Current,https://current.com/careers/,1
CVS Health Careers,https://jobs.cvshealth.com/,1
D.E. Shaw,https://www.deshaw.com/careers,1
Databricks Careers,https://careers.databricks.com/,1
Datadog Careers (1),https://careers.datadog.com/,1
Datadog Careers (2),https://www.datadoghq.com/careers/,1
Dave,https://dave.com/careers/,1
Dell Technologies Careers (1),https://careers.dell.com/,1
Dell Technologies Careers (2),https://jobs.dell.com/,1
Dice Careers,https://careers.dice.com/,1
DigitalOcean Careers (1),https://careers.digitalocean.com/,1
DigitalOcean Careers (2),https://www.digitalocean.com/careers/,1
Diligent Robotics,https://diligentrobots.com/careers/,1
Discord Careers (1),https://careers.discord.com/,1
Discord Careers (2),https://discord.com/jobs,1
Discovery Careers (1),https://careers.discovery.com/,1
Discovery Careers (2),https://corporate.discovery.com/careers/,1
Dish Network Careers,https://careers.dish.com/,1
Disney Careers (1),https://careers.disney.com/,1
Disney Careers (2),https://jobs.disneycareers.com/,1
Docker Careers (1),https://careers.docker.com/,1
Docker Careers (2),https://www.docker.com/careers/,1
Dropbox Careers,https://careers.dropbox.com/,1
Duo Security Careers,https://duo.com/careers,1
DXC Technology Careers,https://careers.dxc.technology/,1
E*TRADE,https://careers.etrade.com/,1
eBay Careers (1),https://careers.ebay.com/,1
eBay Careers (2),https://careers.ebayinc.com/,1
EdgeCast Careers,https://careers.edgecast.com/,1
Elastic Careers (1),https://careers.elastic.co/,1
Elastic Careers (2),https://www.elastic.co/careers/,1
Electronic Arts Careers (1),https://careers.ea.com/,1
Electronic Arts Careers (2),https://ea.com/careers,1
Emerson Careers,https://careers.emerson.com/,1
Eni Careers,https://careers.eni.com/,1
Epic Games Careers (1),https://careers.epicgames.com/,1
Epic Games Careers (2),https://www.epicgames.com/site/careers,1
Epic Systems Careers,https://careers.epic.com/,1
Equinor Careers,https://careers.equinor.com/,1
Expedia Careers,https://careers.expedia.com/,1
Expedia Group Careers,https://careers.expediagroup.com/,1
ExxonMobil Careers,https://careers.exxonmobil.com/,1
F5 Networks Careers,https://f5.com/careers,1
Facebook (Meta Platforms),https://www.metacareers.com/jobs,1
FactSet Careers,https://careers.factset.com/,1
FANUC,https://careers.fanuc.com/,1
Fastly Careers (1),https://careers.fastly.com/,1
Fastly Careers (2),https://www.fastly.com/careers/,1
Fellow Robots,https://fellowrobots.com/careers/,1
Ferrari Careers,https://careers.ferrari.com/,1
Fidelity Careers (1),https://careers.fidelity.com/,1
Fidelity Careers (2),https://jobs.fidelity.com/,1
Figma Careers (1),https://careers.figma.com/,1
Figma Careers (2),https://www.figma.com/careers/,1
FireEye Careers,https://careers.fireeye.com/,1
First Data,https://careers.firstdata.com/,1
Fiserv,https://careers.fiserv.com/,1
Five Rings Capital,https://fiverings.com/careers/,1
Flatiron Health Careers,https://careers.flatiron.com/,1
Flytrex,https://flytrex.com/careers/,1
FoodPanda Careers,https://careers.foodpanda.com/,1
Foot Locker Careers,https://careers.footlocker.com/,1
Ford Careers (1),https://careers.ford.com/,1
Ford Careers (2),https://corporate.ford.com/careers.html,1
Fortinet Careers (1),https://careers.fortinet.com/,1
Fortinet Careers (2),https://www.fortinet.com/careers,1
Foursquare Careers,https://careers.foursquare.com/,1
Fox Corporation Careers (1),https://careers.fox.com/,1
Fox Corporation Careers (2),https://careers.foxcorporation.com/,1
Freshly Careers (1),https://careers.freshly.com/,1
Freshly Careers (2),https://www.freshly.com/careers,1
Freshworks Careers,https://careers.freshworks.com/,1
FTX US,https://ftx.us/careers,1
Gap Careers,https://careers.gap.com/,1
Garmin Careers,https://careers.garmin.com/,1
Gazprom Careers,https://careers.gazprom.com/,1
Genentech Careers (1),https://careers.genentech.com/,1
Genentech Careers (2),https://www.gene.com/careers,1
General Dynamics Careers (1),https://careers.gd.com/,1
General Dynamics Careers (2),https://careers.generaldynamics.com/,1
General Electric Careers (1),https://careers.ge.com/,1
General Electric Careers (2),https://jobs.ge.com/,1
General Motors Careers (1),https://careers.gm.com/,1
General Motors Careers (2),https://search-careers.gm.com/,1
Getco,https://www.getco.com/careers/,1
Gilead Careers,https://www.gilead.com/careers,1
Gilead Sciences Careers,https://careers.gilead.com/,1
GitHub Careers (1),https://careers.github.com/,1
GitHub Careers (2),https://github.com/careers,1
GitLab Careers (1),https://about.gitlab.com/jobs/,1
GitLab Careers (2),https://careers.gitlab.com/,1
Glassdoor Careers,https://careers.glassdoor.com/,1
Global Payments,https://careers.globalpayments.com/,1
Gobble Careers (1),https://careers.gobble.com/,1
Gobble Careers (2),https://www.gobble.com/careers,1
GoDaddy Careers,https://careers.godaddy.com/,1
Goldman Sachs Careers (1),https://careers.goldmansachs.com/,1
Goldman Sachs Careers (2),https://www.goldmansachs.com/careers/,1
Graphcore Careers,https://www.graphcore.ai/careers,1
Groupon Careers,https://careers.groupon.com/,1
GTS,https://www.gtsx.com/careers/,1
Guardant Health Careers,https://careers.guardanthealth.com/,1
Habana Labs (Intel),https://habana.ai/careers/,1
Handy Careers,https://careers.handy.com/,1
HashiCorp Careers (1),https://careers.hashicorp.com/,1
HashiCorp Careers (2),https://www.hashicorp.com/careers,1
HCL Technologies Careers,https://careers.hcl.com/,1
Headspace Health Careers,https://careers.headspace.com/,1
Hilton Careers,https://jobs.hilton.com/,1
HomeAdvisor Careers,https://careers.homeadvisor.com/,1
HostGator Careers,https://www.hostgator.com/careers,1
Hotels.com Careers,https://careers.hotels.com/,1
HP Inc Careers,https://jobs.hp.com/,1
HPE Careers,https://careers.hpe.com/,1
HSN Careers,https://careers.hsn.com/,1
HubSpot Careers (1),https://careers.hubspot.com/,1
HubSpot Careers (2),https://www.hubspot.com/careers,1
Hulu Careers (1),https://careers.hulu.com/,1
Hulu Careers (2),https://www.hulu.com/careers/,1
Hyundai Careers,https://careers.hyundai.com/,1
IBM Careers,https://careers.ibm.com/,1
IBM Corporation Careers,https://www.ibm.com/careers/,1
IBM Research,https://research.ibm.com/careers/,1
ICE Careers,https://careers.ice.com/,1
IFTTT Careers,https://ifttt.com/careers,1
Illumina Careers (1),https://careers.illumina.com/,1
Illumina Careers (2),https://www.illumina.com/careers.html,1
Indeed Careers,https://careers.indeed.com/,1
Infosys Careers,https://careers.infosys.com/,1
Intel Gaming Careers,https://careers.intel.com/,1
Jaguar Careers,https://careers.jaguar.com/,1
JetBrains Careers,https://www.jetbrains.com/careers/,1
John Deere Careers,https://careers.deere.com/,1
JPL Careers (1),https://careers.jpl.nasa.gov/,1
JPL Careers (2),https://www.jpl.nasa.gov/careers/,1
Juniper Networks Careers,https://careers.juniper.net/,1
KeyCDN Careers,https://careers.keycdn.com/,1
Kia Careers,https://careers.kia.com/,1
Kohl's Careers,https://careers.kohls.com/,1
KPMG Careers (1),https://careers.kpmg.com/,1
KPMG Careers (2),https://home.kpmg/xx/en/home/careers.html,1
KUKA,https://www.kuka.com/careers/,1
L3Harris Careers,https://careers.l3harris.com/,1
L3Harris Technologies Careers,https://careers.harris.com/,1
Lamborghini Careers,https://careers.lamborghini.com/,1
Land Rover Careers,https://careers.landrover.com/,1
LendingClub,https://www.lendingclub.com/careers/,1
Level 3 Communications Careers,https://careers.level3.com/,1
Linode Careers,https://careers.linode.com/,1
LivingSocial Careers,https://careers.livingsocial.com/,1
Lockheed Martin Careers (1),https://careers.lockheedmartin.com/,1
Lockheed Martin Careers (2),https://www.lockheedmartinjobs.com/,1
Loom Careers,https://www.loom.com/careers,1
Lucid Motors Careers,https://careers.lucidmotors.com/,1
Lukoil Careers,https://careers.lukoil.com/,1
Lyft Careers,https://careers.lyft.com/,1
M1 Finance,https://www.m1finance.com/careers/,1
Macy's Careers,https://careers.macys.com/,1
Magento Careers,https://magento.com/careers,1
Mailchimp Careers (1),https://careers.mailchimp.com/,1
Mailchimp Careers (2),https://mailchimp.com/careers/,1
Man Group,https://www.man.com/careers,1
Marriott Careers,https://careers.marriott.com/,1
Maserati Careers,https://careers.maserati.com/,1
Match.com Careers,https://careers.match.com/,1
MaxCDN Careers,https://careers.maxcdn.com/,1
McAfee Careers,https://careers.mcafee.com/,1
McKesson Careers,https://careers.mckesson.com/,1
McKinsey Careers (1),https://careers.mckinsey.com/,1
McKinsey Careers (2),https://www.mckinsey.com/careers,1
Medtronic Robotics,https://jobs.medtronic.com/,1
Mercari Careers,https://careers.mercari.com/,1
Merck Careers,https://careers.merck.com/,1
Mindstrong Health Careers,https://careers.mindstrong.com/,1
Minecraft Careers,https://careers.minecraft.net/,1
Miro Careers,https://miro.com/careers/,1
Mitsubishi Motors Careers,https://careers.mitsubishi-motors.com/,1
Mobile Industrial Robots,https://mir-robots.com/careers/,1
Moderna Careers (1),https://careers.moderna.com/,1
Moderna Careers (2),https://modernatx.com/careers,1
Monday.com Careers,https://monday.com/careers/,1
MoneyLion,https://www.moneylion.com/careers/,1
MongoDB Careers (1),https://careers.mongodb.com/,1
MongoDB Careers (2),https://www.mongodb.com/careers,1
Monster Careers,https://careers.monster.com/,1
Monzo,https://monzo.com/careers/,1
Moody's Careers,https://careers.moody.com/,1
Mythic,https://www.mythic-ai.com/careers/,1
N26,https://n26.com/en/careers,1
Namecheap Careers,https://www.namecheap.com/careers/,1
NASA Careers (1),https://careers.nasa.gov/,1
NASA Careers (2),https://www.usajobs.gov/Search/Results?a=NASA,1
NASDAQ Careers,https://careers.nasdaq.com/,1
NBCUniversal Careers (1),https://careers.nbcuniversal.com/,1
NBCUniversal Careers (2),https://www.nbcunicareers.com/,1
NCR Corporation,https://careers.ncr.com/,1
New Relic Careers (1),https://careers.newrelic.com/,1
New Relic Careers (2),https://newrelic.com/careers,1
Nike Careers (1),https://careers.nike.com/,1
Nike Careers (2),https://jobs.nike.com/,1
Nissan Careers,https://www.nissan-global.com/EN/CAREERS/,1
Nissan USA Careers,https://careers.nissan-usa.com/,1
Nordstrom Careers,https://careers.nordstrom.com/,1
NYSE Careers,https://careers.nyse.com/,1
Okta Careers (1),https://careers.okta.com/,1
Okta Careers (2),https://www.okta.com/careers/,1
OpenTable Careers,https://careers.opentable.com/,1
Orbitz Careers,https://careers.orbitz.com/,1
Overstock Careers,https://careers.overstock.com/,1
PagerDuty Careers,https://careers.pagerduty.com/,1
PAL Robotics,https://pal-robotics.com/careers/,1
Palantir Careers,https://careers.palantir.com/,1
Palo Alto Networks Careers (2),https://careers.paloaltonetworks.com/,1
Pandora Careers,https://careers.pandora.com/,1
Paramount Careers (1),https://careers.paramount.com/,1
Paramount Careers (2),https://careers.viacomcbs.com/,1
Peacock Careers (1),https://careers.peacock.com/,1
Peacock Careers (2),https://www.peacocktv.com/careers,1
Personal Capital,https://www.personalcapital.com/careers/,1
Pertamina Careers,https://careers.pertamina.com/,1
Petrobras Careers,https://careers.petrobras.com/,1
PetroChina Careers,https://careers.petrochina.com/,1
Petronas Careers,https://careers.petronas.com/,1
Pfizer Careers (1),https://careers.pfizer.com/,1
Pfizer Careers (2),https://www.pfizer.com/careers,1
Porch Careers,https://careers.porch.com/,1
Porsche Careers,https://careers.porsche.com/,1
Poshmark Careers,https://careers.poshmark.com/,1
Postman Careers,https://www.postman.com/careers/,1
Postmates Careers (1),https://careers.postmates.com/,1
Postmates Careers (2),https://postmates.com/careers,1
Pratt & Whitney Careers,https://careers.pratt-whitney.com/,1
Proofpoint Careers,https://www.proofpoint.com/careers,1
PTT Careers,https://careers.ptt.com/,1
Public,https://public.com/careers,1
PwC Careers (1),https://careers.pwc.com/,1
PwC Careers (2),https://www.pwc.com/us/en/careers.html,1
QatarGas Careers,https://careers.qatargas.com/,1
Qualtrics Careers (1),https://careers.qualtrics.com/,1
Qualtrics Careers (2),https://www.qualtrics.com/careers/,1
Qualys Careers (1),https://careers.qualys.com/,1
Qualys Careers (2),https://www.qualys.com/careers/,1
QVC Careers,https://careers.qvc.com/,1
Rackspace Careers,https://careers.rackspace.com/,1
Rapid7 Careers (1),https://careers.rapid7.com/,1
Rapid7 Careers (2),https://www.rapid7.com/careers/,1
Raytheon Careers,https://careers.rtx.com/,1
Raytheon Technologies Careers,https://careers.raytheon.com/,1
RealPage Careers,https://careers.realpage.com/,1
Red Hat Careers,https://www.redhat.com/en/jobs,1
Reddit Careers (1),https://careers.reddit.com/,1
Reddit Careers (2),https://www.redditinc.com/careers,1
Refinitiv Careers,https://careers.refinitiv.com/,1
Regeneron Careers,https://careers.regeneron.com/,1
REI Careers,https://rei.jobs/,1
Rent.com Careers,https://careers.rent.com/,1
Rentals.com Careers,https://careers.rentals.com/,1
Resy Careers,https://careers.resy.com/,1
Rethink Robotics,https://www.rethinkrobotics.com/careers/,1
Reuters Careers,https://careers.reuters.com/,1
Reverb Careers,https://careers.reverb.com/,1
Revolut,https://careers.revolut.com/,1
Riot Games Careers (1),https://careers.riotgames.com/,1
Riot Games Careers (2),https://www.riotgames.com/en/work-with-us,1
Ripple,https://ripple.com/careers/,1
Rite Aid Careers,https://careers.riteaid.com/,1
Rivian Careers,https://careers.rivian.com/,1
Roblox Careers (1),https://careers.roblox.com/,1
Roblox Careers (2),https://corp.roblox.com/careers/,1
Rockwell Automation Careers,https://careers.rockwellautomation.com/,1
Rolls-Royce Careers,https://careers.rolls-royce.com/,1
Rosneft Careers,https://careers.rosneft.com/,1
Rover Careers,https://careers.rover.com/,1
RunwayML,https://runwayml.com/careers/,1
S&P Global Careers,https://careers.sp.com/,1
Safran Group Careers,https://careers.safran-group.com/,1
Salesforce Research,https://www.salesforceairesearch.com/careers/,1
Salesforce.com,https://careers.salesforce.com/en/,1
Saudi Aramco Careers,https://careers.aramco.com/,1
Savioke,https://www.savioke.com/careers/,1
Schneider Electric Careers,https://careers.se.com/,1
Schonfeld Strategic Advisors,https://www.schonfeld.com/careers/,1
SendGrid Careers (1),https://careers.sendgrid.com/,1
SendGrid Careers (2),https://sendgrid.com/careers/,1
Shell Careers,https://careers.shell.com/,1
Shopify Careers (1),https://careers.shopify.com/,1
Shopify Careers (2),https://www.shopify.com/careers,1
Siemens Careers,https://jobs.siemens.com/,1
Sinopec Careers,https://careers.sinopec.com/,1
Sittercity Careers,https://careers.sittercity.com/,1
Slack Careers (1),https://careers.slack.com/,1
Slack Careers (2),https://slack.com/careers,1
SoftBank Robotics,https://www.softbankrobotics.com/careers/,1
Sony Careers,https://careers.sony.com/,1
Sony Pictures Careers,https://www.sonypictures.com/careers,1
SoundCloud Careers,https://careers.soundcloud.com/,1
SpaceX Careers (1),https://careers.spacex.com/,1
SpaceX Careers (2),https://www.spacex.com/careers/,1
Splunk Careers (1),https://careers.splunk.com/,1
Splunk Careers (2),https://www.splunk.com/careers/,1
Spotify Careers (1),https://careers.spotify.com/,1
Spotify Careers (2),https://www.lifeatspotify.com/jobs,1
Square Careers,https://careers.square.com/,1
Squarespace Careers,https://www.squarespace.com/careers/,1
Stack Overflow Careers,https://careers.stackoverflow.com/,1
StackPath Careers,https://careers.stackpath.com/,1
Starbucks Careers,https://careers.starbucks.com/,1
Starling Bank,https://www.starlingbank.com/careers/,1
Stash,https://www.stash.com/careers/,1
Stryker Robotics,https://careers.stryker.com/,1
SurveyMonkey Careers,https://www.surveymonkey.com/careers/,1
Symantec Careers,https://www.symantec.com/careers,1
Synopsys,https://www.synopsys.com/company/careers.html,1
T-Mobile Careers (1),https://careers.t-mobile.com/,1
T-Mobile Careers (2),https://www.t-mobile.com/careers,1
Take-Two Interactive Careers,https://careers.take2games.com/,1
Target Careers (1),https://careers.target.com/,1
Target Careers (2),https://corporate.target.com/careers/,1
TaskRabbit Careers,https://careers.taskrabbit.com/,1
Tata Consultancy Services Careers,https://careers.tcs.com/,1
TD Ameritrade,https://careers.tdameritrade.com/,1
Teladoc Careers,https://teladochealth.com/careers/,1
Teladoc Health Careers,https://careers.teladoc.com/,1
Tempus Careers,https://careers.tempus.com/,1
Tenstorrent,https://www.tenstorrent.com/careers/,1
Tesla Careers (2),https://careers.tesla.com/,1
Textron Careers,https://careers.textron.com/,1
ThredUp Careers,https://careers.thredup.com/,1
Thumbtack Careers,https://careers.thumbtack.com/,1
Tinder Careers,https://careers.tinder.com/,1
TJX Companies Careers,https://careers.tjx.com/,1
TotalEnergies Careers,https://careers.totalenergies.com/,1
Toyota Careers (1),https://careers.toyota.com/,1
Toyota Careers (2),https://www.toyota.com/careers/,1
Tradebot,https://www.tradebot.com/careers/,1
Travelocity Careers,https://careers.travelocity.com/,1
Trello Careers,https://trello.com/careers,1
Trend Micro Careers,https://careers.trendmicro.com/,1
Trulia Careers,https://careers.trulia.com/,1
Twilio Careers (1),https://careers.twilio.com/,1
Twilio Careers (2),https://www.twilio.com/careers,1
Twitch Careers (2),https://www.twitch.tv/jobs/,1
Twitter (X),https://x.com/xcareers,1
Typeform Careers,https://careers.typeform.com/,1
Uber Technologies,https://www.uber.com/us/en/careers/,1
UberEats Careers,https://careers.ubereats.com/,1
Ubisoft Careers,https://careers.ubisoft.com/,1
UiPath,https://www.uipath.com/careers,1
Under Armour Careers,https://careers.underarmour.com/,1
UnitedHealth Careers,https://careers.unitedhealthgroup.com/,1
Universal Robots,https://www.universal-robots.com/careers/,1
Unreal Engine Careers,https://careers.unrealengine.com/,1
UPS Flight Forward,https://www.jobs-ups.com/,1
UrbanSitter Careers,https://careers.urbansitter.com/,1
US Cellular Careers,https://careers.uscellular.com/,1
Valve Careers,https://careers.valvesoftware.com/,1
Veracyte Careers,https://careers.veracyte.com/,1
Verizon Careers (1),https://careers.verizon.com/,1
Verizon Careers (2),https://www.verizon.com/careers/,1
Vicarious Surgical,https://www.vicarioussurgical.com/careers/,1
Volvo Careers,https://careers.volvo.com/,1
Wag Careers,https://careers.wag.com/,1
Walgreens Careers,https://jobs.walgreens.com/,1
Warner Media Careers,https://careers.warnermedia.com/,1
WarnerMedia Careers,https://careers.warnermediagroup.com/,1
Weebly Careers,https://careers.weebly.com/,1
Wing (Alphabet),https://wing.com/careers/,1
Wipro Careers,https://careers.wipro.com/,1
Wix Careers,https://www.wix.com/jobs/,1
Wolverine Trading,https://www.wolve.com/careers/,1
WooCommerce Careers,https://woocommerce.com/careers/,1
WorkFusion,https://www.workfusion.com/careers/,1
Worldpay,https://careers.worldpay.com/,1
XTX Markets,https://www.xtxmarkets.com/careers/,1
Yelp Careers,https://careers.yelp.com/,1
YouTube Careers (1),https://careers.youtube.com/,1
YouTube Careers (2),https://www.youtube.com/jobs/,1
Zapier Careers,https://zapier.com/careers/,1
Zendesk Careers (1),https://careers.zendesk.com/,1
Zendesk Careers (2),https://jobs.zendesk.com/,1
Zillow Careers,https://careers.zillow.com/,1
Zillow Group Careers,https://careers.zillowgroup.com/,1
ZipRecruiter Careers,https://careers.ziprecruiter.com/,1
Zscaler Careers,https://www.zscaler.com/careers,1
